<?xml version="1.0"?>
<presentation guid="9FA82890-8626-4A9E-AB11-9DC192F623DD" version="0" availableOffline="1">
	<info>
		<title>мас медиа1</title>
		<description/>
	</info>
	<files index="id26" thumbnail="id40" totalSize="6058003">
		<file id="id0">data/quiz1.js</file>
		<file id="id1">data/quiz1/fnt1.ttf</file>
		<file id="id2">data/quiz1/fnt1.woff</file>
		<file id="id3">data/quiz1/fnt10.ttf</file>
		<file id="id4">data/quiz1/fnt10.woff</file>
		<file id="id5">data/quiz1/fnt11.ttf</file>
		<file id="id6">data/quiz1/fnt11.woff</file>
		<file id="id7">data/quiz1/fnt12.ttf</file>
		<file id="id8">data/quiz1/fnt12.woff</file>
		<file id="id9">data/quiz1/fnt2.ttf</file>
		<file id="id10">data/quiz1/fnt2.woff</file>
		<file id="id11">data/quiz1/fnt3.ttf</file>
		<file id="id12">data/quiz1/fnt3.woff</file>
		<file id="id13">data/quiz1/fnt4.ttf</file>
		<file id="id14">data/quiz1/fnt4.woff</file>
		<file id="id15">data/quiz1/fnt5.ttf</file>
		<file id="id16">data/quiz1/fnt5.woff</file>
		<file id="id17">data/quiz1/fnt6.ttf</file>
		<file id="id18">data/quiz1/fnt6.woff</file>
		<file id="id19">data/quiz1/fnt7.ttf</file>
		<file id="id20">data/quiz1/fnt7.woff</file>
		<file id="id21">data/quiz1/fnt8.ttf</file>
		<file id="id22">data/quiz1/fnt8.woff</file>
		<file id="id23">data/quiz1/fnt9.ttf</file>
		<file id="id24">data/quiz1/fnt9.woff</file>
		<file id="id25">data/quizplayer.js</file>
		<file id="id26">index.html</file>
		<file id="id27">data/player.js</file>
		<file id="id28">data/apple-touch-icon.png</file>
		<file id="id29">data/favicon.ico</file>
		<file id="id30">data/fnt0.ttf</file>
		<file id="id31">data/fnt0.woff</file>
		<file id="id32">data/fnt1.ttf</file>
		<file id="id33">data/fnt1.woff</file>
		<file id="id34">data/html5-unsupported.html</file>
		<file id="id35">data/html5.png</file>
		<file id="id36">data/img0.png</file>
		<file id="id37">data/img1.png</file>
		<file id="id38">data/img2.png</file>
		<file id="id39">data/img3.png</file>
		<file id="id40">data/ismplayer/preview.png</file>
		<file id="id41">data/ismplayer/thumb.png</file>
		<file id="id42">data/ismplayer/play.svg</file>
		<file id="id43">data/ismplayer/style.css</file>
		<file id="id44">data/ismplayer/style_mini.css</file>
		<file id="id45">ismplayer.html</file>
		<file id="id46">data/ismplayer/app_store2x.png</file>
		<file id="id47">metainfo.xml</file>
	</files>
</presentation>
